# GENERATED by tools/dcn41/gen_modes.py; see its header for the inputs and the Linux citations.
monitor	sink	link	signal	phy	phyid	dig	hpd	ddc	mode	source	pix_clk_100hz	refresh_mhz	h_active	h_front	h_sync	h_back	h_total	v_active	v_front	v_sync	v_back	v_total	h_pol	v_pol	max_vstartup	note	otg_h_total	otg_h_sync_a_start	otg_h_sync_a_end	otg_h_blank_start	otg_h_blank_end	otg_h_sync_a_pol	otg_v_total	otg_v_sync_a_start	otg_v_sync_a_end	otg_v_blank_start	otg_v_blank_end	otg_v_sync_a_pol	otg_start_point	otg_tmds_pixel_rate_div	dp8_req_kbps	dp8_lanes	dp8_rate	dp8_rate_code	dp8_bw_kbps	dp10_req_kbps	dp10_lanes	dp10_rate	dp10_rate_code	dp10_bw_kbps	hdmi8_tmds_khz	hdmi8_scramble	hdmi8_within_dio	hdmi8_frl	hdmi10_tmds_khz	hdmi10_scramble	hdmi10_within_dio	hdmi10_frl
SINK-A	AUX1	1	DP	UNIPHY_B	1	DIGB	2	1	2560x1440@60	EDID_DTD	2415000	59951	2560	48	32	80	2720	1440	3	5	33	1481	+	+	40		2719	0	32	2672	112	0	1480	0	5	1478	38	0	1	1	5796000	4	HBR	10	8640000	7245000	4	HBR	10	8640000								
SINK-A	AUX1	1	DP	UNIPHY_B	1	DIGB	2	1	2560x1440@165	EDID_CTA_DTD	6466400	165000	2560	8	32	66	2666	1440	3	5	22	1470	+	-	29		2665	0	32	2658	98	0	1469	0	5	1467	27	1	1	1	15519360	4	HBR2	20	17280000	19399200	4	HBR3	30	25920000								
SINK-A	AUX1	1	DP	UNIPHY_B	1	DIGB	2	1	2560x1440@144	EDID_CTA_DTD	5920000	143912	2560	8	32	66	2666	1440	25	8	70	1543	+	-	102		2665	0	32	2658	98	0	1542	0	8	1518	78	1	1	1	14208000	4	HBR2	20	17280000	17760000	4	HBR3	30	25920000								
SINK-A	AUX1	1	DP	UNIPHY_B	1	DIGB	2	1	2560x1440@120	EDID_CTA_DTD	4977500	119998	2560	48	32	80	2720	1440	3	5	77	1525	+	+	84		2719	0	32	2672	112	0	1524	0	5	1522	82	0	1	1	11946000	4	HBR2	20	17280000	14932500	4	HBR2	20	17280000								
SINK-A	AUX1	1	DP	UNIPHY_B	1	DIGB	2	1	1280x1440@60	EDID_CTA_DTD	1560000	59913	1280	96	136	232	1744	1440	3	10	40	1493	-	+	52		1743	0	136	1648	368	1	1492	0	10	1490	50	0	1	1	3744000	4	RBR	6	5184000	4680000	4	RBR	6	5184000								
SINK-B	DDC2	2	HDMI	UNIPHY_C	2	DIGC	3	2	1920x1080@60	EDID_DTD	1485000	60000	1920	88	44	148	2200	1080	4	5	36	1125	+	+	44		2199	0	44	2112	192	0	1124	0	5	1121	41	0	0	4											148500	0	1		185625	0	1	
SINK-B	DDC2	2	HDMI	UNIPHY_C	2	DIGC	3	2	1920x1080@120	CVT_RB2	2745600	120000	1920	8	32	40	2000	1080	1	8	55	1144	+	-	63	the panel's range descriptor allows 48-120 Hz up to 340 MHz; its own 120 Hz timing lives in the CTA extension, not captured	1999	0	32	1992	72	0	1143	0	8	1143	63	1	0	4											274560	0	1		343200	1	1	
SINK-C	DDC3	3	HDMI	UNIPHY_D	3	DIGD	4	3	3840x2160@60	EDID_DTD	5940000	60000	3840	176	88	296	4400	2160	8	10	72	2250	+	+	89		4399	0	88	4224	384	0	2249	0	10	2242	82	0	0	4											594000	1	1		742500	1	0	6G_4LANE
SINK-C	DDC3	3	HDMI	UNIPHY_D	3	DIGD	4	3	3840x2160@120	CVT_RB2	10758050	120000	3840	8	32	40	3920	2160	1	8	118	2287	+	-	126	range descriptor 48-120 Hz up to 1190 MHz; the sink's own 120 Hz timing (CTA, probably the 1188 MHz CEA one) was not captured	3919	0	32	3912	72	0	2286	0	8	2286	126	1	0	4											1075805	1	0	8G_4LANE	1344756	1	0	10G_4LANE
