# T1 read-only register census, generated by tools/dcn41/gen_census.py from dcn_4_1_0_offset.h
# absolute = seg[base_idx] + offset, seg = 0x12 0xc0 0x34c0 0x9000 0x2403c00 (CONFIRMED, our card's discovery log)
# passes = how many times to read it (2 = twice, 10 s apart)
# READ ONLY. Nothing here clears on read: AUX SW_DATA and DC_I2C_DATA are excluded on purpose.
group	register	offset	base_idx	absolute	passes	note
otg	OTG0_OTG_CONTROL	0x1b43	2	0x00005003	1	master enable, field OTG_MASTER_EN: which OTG is lit
otg	OTG1_OTG_CONTROL	0x1bc3	2	0x00005083	1	master enable, field OTG_MASTER_EN: which OTG is lit (instance 1)
otg	OTG2_OTG_CONTROL	0x1c43	2	0x00005103	1	master enable, field OTG_MASTER_EN: which OTG is lit (instance 2)
otg	OTG3_OTG_CONTROL	0x1cc3	2	0x00005183	1	master enable, field OTG_MASTER_EN: which OTG is lit (instance 3)
otg	OTG0_OTG_H_TOTAL	0x1b2a	2	0x00004fea	1	h_total - 1; compare with dcn41_modes.h
otg	OTG1_OTG_H_TOTAL	0x1baa	2	0x0000506a	1	h_total - 1; compare with dcn41_modes.h (instance 1)
otg	OTG2_OTG_H_TOTAL	0x1c2a	2	0x000050ea	1	h_total - 1; compare with dcn41_modes.h (instance 2)
otg	OTG3_OTG_H_TOTAL	0x1caa	2	0x0000516a	1	h_total - 1; compare with dcn41_modes.h (instance 3)
otg	OTG0_OTG_H_BLANK_START_END	0x1b2b	2	0x00004feb	1	blank start/end
otg	OTG1_OTG_H_BLANK_START_END	0x1bab	2	0x0000506b	1	blank start/end (instance 1)
otg	OTG2_OTG_H_BLANK_START_END	0x1c2b	2	0x000050eb	1	blank start/end (instance 2)
otg	OTG3_OTG_H_BLANK_START_END	0x1cab	2	0x0000516b	1	blank start/end (instance 3)
otg	OTG0_OTG_H_SYNC_A	0x1b2c	2	0x00004fec	1	sync start/end
otg	OTG1_OTG_H_SYNC_A	0x1bac	2	0x0000506c	1	sync start/end (instance 1)
otg	OTG2_OTG_H_SYNC_A	0x1c2c	2	0x000050ec	1	sync start/end (instance 2)
otg	OTG3_OTG_H_SYNC_A	0x1cac	2	0x0000516c	1	sync start/end (instance 3)
otg	OTG0_OTG_H_SYNC_A_CNTL	0x1b2d	2	0x00004fed	1	sync polarity
otg	OTG1_OTG_H_SYNC_A_CNTL	0x1bad	2	0x0000506d	1	sync polarity (instance 1)
otg	OTG2_OTG_H_SYNC_A_CNTL	0x1c2d	2	0x000050ed	1	sync polarity (instance 2)
otg	OTG3_OTG_H_SYNC_A_CNTL	0x1cad	2	0x0000516d	1	sync polarity (instance 3)
otg	OTG0_OTG_V_TOTAL	0x1b2f	2	0x00004fef	1	v_total - 1
otg	OTG1_OTG_V_TOTAL	0x1baf	2	0x0000506f	1	v_total - 1 (instance 1)
otg	OTG2_OTG_V_TOTAL	0x1c2f	2	0x000050ef	1	v_total - 1 (instance 2)
otg	OTG3_OTG_V_TOTAL	0x1caf	2	0x0000516f	1	v_total - 1 (instance 3)
otg	OTG0_OTG_V_BLANK_START_END	0x1b38	2	0x00004ff8	1	blank start/end
otg	OTG1_OTG_V_BLANK_START_END	0x1bb8	2	0x00005078	1	blank start/end (instance 1)
otg	OTG2_OTG_V_BLANK_START_END	0x1c38	2	0x000050f8	1	blank start/end (instance 2)
otg	OTG3_OTG_V_BLANK_START_END	0x1cb8	2	0x00005178	1	blank start/end (instance 3)
otg	OTG0_OTG_V_SYNC_A	0x1b39	2	0x00004ff9	1	sync start/end
otg	OTG1_OTG_V_SYNC_A	0x1bb9	2	0x00005079	1	sync start/end (instance 1)
otg	OTG2_OTG_V_SYNC_A	0x1c39	2	0x000050f9	1	sync start/end (instance 2)
otg	OTG3_OTG_V_SYNC_A	0x1cb9	2	0x00005179	1	sync start/end (instance 3)
otg	OTG0_OTG_V_SYNC_A_CNTL	0x1b3a	2	0x00004ffa	1	sync polarity
otg	OTG1_OTG_V_SYNC_A_CNTL	0x1bba	2	0x0000507a	1	sync polarity (instance 1)
otg	OTG2_OTG_V_SYNC_A_CNTL	0x1c3a	2	0x000050fa	1	sync polarity (instance 2)
otg	OTG3_OTG_V_SYNC_A_CNTL	0x1cba	2	0x0000517a	1	sync polarity (instance 3)
otg	OTG0_OTG_STATUS	0x1b49	2	0x00005009	2	V_ACTIVE_DISP / vblank now: moves if the OTG runs
otg	OTG1_OTG_STATUS	0x1bc9	2	0x00005089	2	V_ACTIVE_DISP / vblank now: moves if the OTG runs (instance 1)
otg	OTG2_OTG_STATUS	0x1c49	2	0x00005109	2	V_ACTIVE_DISP / vblank now: moves if the OTG runs (instance 2)
otg	OTG3_OTG_STATUS	0x1cc9	2	0x00005189	2	V_ACTIVE_DISP / vblank now: moves if the OTG runs (instance 3)
otg	OTG0_OTG_STATUS_POSITION	0x1b4a	2	0x0000500a	2	vertical/horizontal count: must move between passes
otg	OTG1_OTG_STATUS_POSITION	0x1bca	2	0x0000508a	2	vertical/horizontal count: must move between passes (instance 1)
otg	OTG2_OTG_STATUS_POSITION	0x1c4a	2	0x0000510a	2	vertical/horizontal count: must move between passes (instance 2)
otg	OTG3_OTG_STATUS_POSITION	0x1cca	2	0x0000518a	2	vertical/horizontal count: must move between passes (instance 3)
otg	OTG0_OTG_STATUS_FRAME_COUNT	0x1b4d	2	0x0000500d	2	frame count: +600 in 10 s at 60 Hz (T1 prediction 1)
otg	OTG1_OTG_STATUS_FRAME_COUNT	0x1bcd	2	0x0000508d	2	frame count: +600 in 10 s at 60 Hz (T1 prediction 1) (instance 1)
otg	OTG2_OTG_STATUS_FRAME_COUNT	0x1c4d	2	0x0000510d	2	frame count: +600 in 10 s at 60 Hz (T1 prediction 1) (instance 2)
otg	OTG3_OTG_STATUS_FRAME_COUNT	0x1ccd	2	0x0000518d	2	frame count: +600 in 10 s at 60 Hz (T1 prediction 1) (instance 3)
otg	OTG0_OTG_VSTARTUP_PARAM	0x1b85	2	0x00005045	1	VSTARTUP_START: the GOP's DML answer for the lit mode
otg	OTG1_OTG_VSTARTUP_PARAM	0x1c05	2	0x000050c5	1	VSTARTUP_START: the GOP's DML answer for the lit mode (instance 1)
otg	OTG2_OTG_VSTARTUP_PARAM	0x1c85	2	0x00005145	1	VSTARTUP_START: the GOP's DML answer for the lit mode (instance 2)
otg	OTG3_OTG_VSTARTUP_PARAM	0x1d05	2	0x000051c5	1	VSTARTUP_START: the GOP's DML answer for the lit mode (instance 3)
otg	OTG0_OTG_VUPDATE_PARAM	0x1b86	2	0x00005046	1	VUPDATE offset and width; width 0 would break the flip latch
otg	OTG1_OTG_VUPDATE_PARAM	0x1c06	2	0x000050c6	1	VUPDATE offset and width; width 0 would break the flip latch (instance 1)
otg	OTG2_OTG_VUPDATE_PARAM	0x1c86	2	0x00005146	1	VUPDATE offset and width; width 0 would break the flip latch (instance 2)
otg	OTG3_OTG_VUPDATE_PARAM	0x1d06	2	0x000051c6	1	VUPDATE offset and width; width 0 would break the flip latch (instance 3)
otg	OTG0_OTG_VREADY_PARAM	0x1b87	2	0x00005047	1	VREADY offset
otg	OTG1_OTG_VREADY_PARAM	0x1c07	2	0x000050c7	1	VREADY offset (instance 1)
otg	OTG2_OTG_VREADY_PARAM	0x1c87	2	0x00005147	1	VREADY offset (instance 2)
otg	OTG3_OTG_VREADY_PARAM	0x1d07	2	0x000051c7	1	VREADY offset (instance 3)
otg	OTG0_OTG_GLOBAL_SYNC_STATUS	0x1b88	2	0x00005048	1	the interrupt enables/status our dcn41_irq writes
otg	OTG1_OTG_GLOBAL_SYNC_STATUS	0x1c08	2	0x000050c8	1	the interrupt enables/status our dcn41_irq writes (instance 1)
otg	OTG2_OTG_GLOBAL_SYNC_STATUS	0x1c88	2	0x00005148	1	the interrupt enables/status our dcn41_irq writes (instance 2)
otg	OTG3_OTG_GLOBAL_SYNC_STATUS	0x1d08	2	0x000051c8	1	the interrupt enables/status our dcn41_irq writes (instance 3)
otg	OTG0_OTG_MASTER_UPDATE_LOCK	0x1b89	2	0x00005049	1	must read UPDATE_LOCK 0 before T3 flips
otg	OTG1_OTG_MASTER_UPDATE_LOCK	0x1c09	2	0x000050c9	1	must read UPDATE_LOCK 0 before T3 flips (instance 1)
otg	OTG2_OTG_MASTER_UPDATE_LOCK	0x1c89	2	0x00005149	1	must read UPDATE_LOCK 0 before T3 flips (instance 2)
otg	OTG3_OTG_MASTER_UPDATE_LOCK	0x1d09	2	0x000051c9	1	must read UPDATE_LOCK 0 before T3 flips (instance 3)
otg	OTG0_OTG_VERTICAL_INTERRUPT0_CONTROL	0x1b60	2	0x00005020	1	VLINE0 arming left by the GOP
otg	OTG1_OTG_VERTICAL_INTERRUPT0_CONTROL	0x1be0	2	0x000050a0	1	VLINE0 arming left by the GOP (instance 1)
otg	OTG2_OTG_VERTICAL_INTERRUPT0_CONTROL	0x1c60	2	0x00005120	1	VLINE0 arming left by the GOP (instance 2)
otg	OTG3_OTG_VERTICAL_INTERRUPT0_CONTROL	0x1ce0	2	0x000051a0	1	VLINE0 arming left by the GOP (instance 3)
otg	OTG0_OTG_VERTICAL_INTERRUPT1_CONTROL	0x1b62	2	0x00005022	1	VLINE1
otg	OTG1_OTG_VERTICAL_INTERRUPT1_CONTROL	0x1be2	2	0x000050a2	1	VLINE1 (instance 1)
otg	OTG2_OTG_VERTICAL_INTERRUPT1_CONTROL	0x1c62	2	0x00005122	1	VLINE1 (instance 2)
otg	OTG3_OTG_VERTICAL_INTERRUPT1_CONTROL	0x1ce2	2	0x000051a2	1	VLINE1 (instance 3)
otg	OTG0_OTG_VERTICAL_INTERRUPT2_CONTROL	0x1b64	2	0x00005024	1	VLINE2
otg	OTG1_OTG_VERTICAL_INTERRUPT2_CONTROL	0x1be4	2	0x000050a4	1	VLINE2 (instance 1)
otg	OTG2_OTG_VERTICAL_INTERRUPT2_CONTROL	0x1c64	2	0x00005124	1	VLINE2 (instance 2)
otg	OTG3_OTG_VERTICAL_INTERRUPT2_CONTROL	0x1ce4	2	0x000051a4	1	VLINE2 (instance 3)
otg	OTG0_OTG_CRC_CNTL	0x1b65	2	0x00005025	1	is CRC already on; T3 needs it
otg	OTG1_OTG_CRC_CNTL	0x1be5	2	0x000050a5	1	is CRC already on; T3 needs it (instance 1)
otg	OTG2_OTG_CRC_CNTL	0x1c65	2	0x00005125	1	is CRC already on; T3 needs it (instance 2)
otg	OTG3_OTG_CRC_CNTL	0x1ce5	2	0x000051a5	1	is CRC already on; T3 needs it (instance 3)
hubp	HUBP0_DCHUBP_CNTL	0x05f4	2	0x00003ab4	1	HUBP enable/blank: pairs a HUBP with the lit OTG
hubp	HUBP1_DCHUBP_CNTL	0x06d0	2	0x00003b90	1	HUBP enable/blank: pairs a HUBP with the lit OTG (instance 1)
hubp	HUBP2_DCHUBP_CNTL	0x07ac	2	0x00003c6c	1	HUBP enable/blank: pairs a HUBP with the lit OTG (instance 2)
hubp	HUBP3_DCHUBP_CNTL	0x0888	2	0x00003d48	1	HUBP enable/blank: pairs a HUBP with the lit OTG (instance 3)
hubp	HUBPREQ0_DCSURF_PRIMARY_SURFACE_ADDRESS	0x060a	2	0x00003aca	1	the console's scanout address, low dword
hubp	HUBPREQ1_DCSURF_PRIMARY_SURFACE_ADDRESS	0x06e6	2	0x00003ba6	1	the console's scanout address, low dword (instance 1)
hubp	HUBPREQ2_DCSURF_PRIMARY_SURFACE_ADDRESS	0x07c2	2	0x00003c82	1	the console's scanout address, low dword (instance 2)
hubp	HUBPREQ3_DCSURF_PRIMARY_SURFACE_ADDRESS	0x089e	2	0x00003d5e	1	the console's scanout address, low dword (instance 3)
hubp	HUBPREQ0_DCSURF_PRIMARY_SURFACE_ADDRESS_HIGH	0x060b	2	0x00003acb	1	high dword
hubp	HUBPREQ1_DCSURF_PRIMARY_SURFACE_ADDRESS_HIGH	0x06e7	2	0x00003ba7	1	high dword (instance 1)
hubp	HUBPREQ2_DCSURF_PRIMARY_SURFACE_ADDRESS_HIGH	0x07c3	2	0x00003c83	1	high dword (instance 2)
hubp	HUBPREQ3_DCSURF_PRIMARY_SURFACE_ADDRESS_HIGH	0x089f	2	0x00003d5f	1	high dword (instance 3)
hubp	HUBPREQ0_DCSURF_SURFACE_EARLIEST_INUSE	0x061c	2	0x00003adc	1	what the hardware is actually fetching
hubp	HUBPREQ1_DCSURF_SURFACE_EARLIEST_INUSE	0x06f8	2	0x00003bb8	1	what the hardware is actually fetching (instance 1)
hubp	HUBPREQ2_DCSURF_SURFACE_EARLIEST_INUSE	0x07d4	2	0x00003c94	1	what the hardware is actually fetching (instance 2)
hubp	HUBPREQ3_DCSURF_SURFACE_EARLIEST_INUSE	0x08b0	2	0x00003d70	1	what the hardware is actually fetching (instance 3)
hubp	HUBPREQ0_DCSURF_SURFACE_EARLIEST_INUSE_HIGH	0x061d	2	0x00003add	1	high dword
hubp	HUBPREQ1_DCSURF_SURFACE_EARLIEST_INUSE_HIGH	0x06f9	2	0x00003bb9	1	high dword (instance 1)
hubp	HUBPREQ2_DCSURF_SURFACE_EARLIEST_INUSE_HIGH	0x07d5	2	0x00003c95	1	high dword (instance 2)
hubp	HUBPREQ3_DCSURF_SURFACE_EARLIEST_INUSE_HIGH	0x08b1	2	0x00003d71	1	high dword (instance 3)
hubp	HUBPREQ0_DCSURF_FLIP_CONTROL	0x0613	2	0x00003ad3	1	SURFACE_UPDATE_PENDING and the flip mode bits
hubp	HUBPREQ1_DCSURF_FLIP_CONTROL	0x06ef	2	0x00003baf	1	SURFACE_UPDATE_PENDING and the flip mode bits (instance 1)
hubp	HUBPREQ2_DCSURF_FLIP_CONTROL	0x07cb	2	0x00003c8b	1	SURFACE_UPDATE_PENDING and the flip mode bits (instance 2)
hubp	HUBPREQ3_DCSURF_FLIP_CONTROL	0x08a7	2	0x00003d67	1	SURFACE_UPDATE_PENDING and the flip mode bits (instance 3)
hubp	HUBP0_DCSURF_SURFACE_CONFIG	0x05e5	2	0x00003aa5	1	pixel format of the console surface
hubp	HUBP1_DCSURF_SURFACE_CONFIG	0x06c1	2	0x00003b81	1	pixel format of the console surface (instance 1)
hubp	HUBP2_DCSURF_SURFACE_CONFIG	0x079d	2	0x00003c5d	1	pixel format of the console surface (instance 2)
hubp	HUBP3_DCSURF_SURFACE_CONFIG	0x0879	2	0x00003d39	1	pixel format of the console surface (instance 3)
dig	DIG0_DIG_FE_CNTL	0x2093	2	0x00005553	1	stream encoder mode; which DIG carries a stream
dig	DIG1_DIG_FE_CNTL	0x21b7	2	0x00005677	1	stream encoder mode; which DIG carries a stream (instance 1)
dig	DIG2_DIG_FE_CNTL	0x22db	2	0x0000579b	1	stream encoder mode; which DIG carries a stream (instance 2)
dig	DIG3_DIG_FE_CNTL	0x23ff	2	0x000058bf	1	stream encoder mode; which DIG carries a stream (instance 3)
dig	DIG0_DIG_BE_CLK_CNTL	0x20bb	2	0x0000557b	1	link encoder clock enable and source
dig	DIG1_DIG_BE_CLK_CNTL	0x21df	2	0x0000569f	1	link encoder clock enable and source (instance 1)
dig	DIG2_DIG_BE_CLK_CNTL	0x2303	2	0x000057c3	1	link encoder clock enable and source (instance 2)
dig	DIG3_DIG_BE_CLK_CNTL	0x2427	2	0x000058e7	1	link encoder clock enable and source (instance 3)
dig	DIG0_DIG_BE_EN_CNTL	0x20bd	2	0x0000557d	1	DIG_BE_ENABLE: 0 on the dormant HDMI path (T1 prediction 12)
dig	DIG1_DIG_BE_EN_CNTL	0x21e1	2	0x000056a1	1	DIG_BE_ENABLE: 0 on the dormant HDMI path (T1 prediction 12) (instance 1)
dig	DIG2_DIG_BE_EN_CNTL	0x2305	2	0x000057c5	1	DIG_BE_ENABLE: 0 on the dormant HDMI path (T1 prediction 12) (instance 2)
dig	DIG3_DIG_BE_EN_CNTL	0x2429	2	0x000058e9	1	DIG_BE_ENABLE: 0 on the dormant HDMI path (T1 prediction 12) (instance 3)
dig	DIG0_HDMI_CONTROL	0x209e	2	0x0000555e	1	HDMI vs DVI, deep colour
dig	DIG1_HDMI_CONTROL	0x21c2	2	0x00005682	1	HDMI vs DVI, deep colour (instance 1)
dig	DIG2_HDMI_CONTROL	0x22e6	2	0x000057a6	1	HDMI vs DVI, deep colour (instance 2)
dig	DIG3_HDMI_CONTROL	0x240a	2	0x000058ca	1	HDMI vs DVI, deep colour (instance 3)
dig	DIG0_TMDS_CTL_BITS	0x20eb	2	0x000055ab	1	TMDS control bits
dig	DIG1_TMDS_CTL_BITS	0x220f	2	0x000056cf	1	TMDS control bits (instance 1)
dig	DIG2_TMDS_CTL_BITS	0x2333	2	0x000057f3	1	TMDS control bits (instance 2)
dig	DIG3_TMDS_CTL_BITS	0x2457	2	0x00005917	1	TMDS control bits (instance 3)
dig	DIG0_TMDS_CNTL	0x20e4	2	0x000055a4	1	TMDS pixel encoding
dig	DIG1_TMDS_CNTL	0x2208	2	0x000056c8	1	TMDS pixel encoding (instance 1)
dig	DIG2_TMDS_CNTL	0x232c	2	0x000057ec	1	TMDS pixel encoding (instance 2)
dig	DIG3_TMDS_CNTL	0x2450	2	0x00005910	1	TMDS pixel encoding (instance 3)
dp	DP0_DP_VID_STREAM_CNTL	0x2122	2	0x000055e2	1	DP_VID_STREAM_ENABLE and its status bit
dp	DP1_DP_VID_STREAM_CNTL	0x2246	2	0x00005706	1	DP_VID_STREAM_ENABLE and its status bit (instance 1)
dp	DP2_DP_VID_STREAM_CNTL	0x236a	2	0x0000582a	1	DP_VID_STREAM_ENABLE and its status bit (instance 2)
dp	DP3_DP_VID_STREAM_CNTL	0x248e	2	0x0000594e	1	DP_VID_STREAM_ENABLE and its status bit (instance 3)
dp	DP0_DP_LINK_CNTL	0x211e	2	0x000055de	1	link training state left by the GOP
dp	DP1_DP_LINK_CNTL	0x2242	2	0x00005702	1	link training state left by the GOP (instance 1)
dp	DP2_DP_LINK_CNTL	0x2366	2	0x00005826	1	link training state left by the GOP (instance 2)
dp	DP3_DP_LINK_CNTL	0x248a	2	0x0000594a	1	link training state left by the GOP (instance 3)
dp	DP0_DP_CONFIG	0x2121	2	0x000055e1	1	lane count / config
dp	DP1_DP_CONFIG	0x2245	2	0x00005705	1	lane count / config (instance 1)
dp	DP2_DP_CONFIG	0x2369	2	0x00005829	1	lane count / config (instance 2)
dp	DP3_DP_CONFIG	0x248d	2	0x0000594d	1	lane count / config (instance 3)
misc	DC_GPIO_HPD_Y	0x28f7	2	0x00005db7	1	which connectors have a sink attached (HPD level)
misc	DC_GPIO_HPD_EN	0x28f6	2	0x00005db6	1	HPD enables
misc	DCCG_GATE_DISABLE_CNTL	0x0074	1	0x00000134	1	which display clocks are ungated
misc	OTG0_PIXEL_RATE_CNTL	0x0080	1	0x00000140	1	pixel rate source and divider, OTG0 (base 1)
misc	OTG1_PIXEL_RATE_CNTL	0x0084	1	0x00000144	1	OTG1
misc	OTG2_PIXEL_RATE_CNTL	0x0088	1	0x00000148	1	OTG2
misc	OTG3_PIXEL_RATE_CNTL	0x008c	1	0x0000014c	1	OTG3
dmub	DMCUB_CNTL	0x01f6	2	0x000036b6	1	DMCUB_ENABLE: expect 1 (T1 prediction 10)
dmub	DMCUB_CNTL2	0x0200	2	0x000036c0	1	DMCUB_SOFT_RESET: expect 0
dmub	DMCUB_SEC_CNTL	0x01ce	2	0x0000368e	1	DMUB probe input (src/dcn41/dcn41_dmub.c)
dmub	DMCUB_SCRATCH0	0x01e3	2	0x000036a3	1	boot status: bits 0 (dal_fw) and 1 (mailbox_rdy) expected set
dmub	DMCUB_SCRATCH7	0x01ea	2	0x000036aa	1	GPINT return data
dmub	DMCUB_SCRATCH14	0x01f1	2	0x000036b1	1	DMUB probe input (src/dcn41/dcn41_dmub.c)
dmub	DMCUB_SCRATCH15	0x01f2	2	0x000036b2	1	DMUB probe input (src/dcn41/dcn41_dmub.c)
dmub	DMCUB_GPINT_DATAIN1	0x01f8	2	0x000036b8	1	DMUB probe input (src/dcn41/dcn41_dmub.c)
dmub	DMCUB_UNDEFINED_ADDRESS_FAULT_ADDR	0x01fa	2	0x000036ba	1	DMUB probe input (src/dcn41/dcn41_dmub.c)
dmub	DMCUB_INBOX1_BASE_ADDRESS	0x01d4	2	0x00003694	1	DMUB probe input (src/dcn41/dcn41_dmub.c)
dmub	DMCUB_INBOX1_SIZE	0x01d5	2	0x00003695	1	ring size; expect a multiple of 64
dmub	DMCUB_INBOX1_WPTR	0x01d6	2	0x00003696	1	expect == RPTR (idle) and a multiple of 64
dmub	DMCUB_INBOX1_RPTR	0x01d7	2	0x00003697	1	expect == WPTR
dmub	DMCUB_OUTBOX1_BASE_ADDRESS	0x01dc	2	0x0000369c	1	DMUB probe input (src/dcn41/dcn41_dmub.c)
dmub	DMCUB_OUTBOX1_SIZE	0x01dd	2	0x0000369d	1	DMUB probe input (src/dcn41/dcn41_dmub.c)
dmub	DMCUB_OUTBOX1_WPTR	0x01de	2	0x0000369e	1	DMUB probe input (src/dcn41/dcn41_dmub.c)
dmub	DMCUB_OUTBOX1_RPTR	0x01df	2	0x0000369f	1	DMUB probe input (src/dcn41/dcn41_dmub.c)
dmub	DMCUB_REGION3_CW4_OFFSET	0x01bd	2	0x0000367d	1	DMUB probe input (src/dcn41/dcn41_dmub.c)
dmub	DMCUB_REGION3_CW4_OFFSET_HIGH	0x01be	2	0x0000367e	1	DMUB probe input (src/dcn41/dcn41_dmub.c)
dmub	DMCUB_REGION3_CW4_BASE_ADDRESS	0x01a9	2	0x00003669	1	0x64000000 if the ring maps through CW4 (T1 prediction 11)
dmub	DMCUB_REGION3_CW4_TOP_ADDRESS	0x01b1	2	0x00003671	1	DMUB probe input (src/dcn41/dcn41_dmub.c)
dmub	DMCUB_REGION4_OFFSET	0x0196	2	0x00003656	1	REGION4 mapping, the alternative
dmub	DMCUB_REGION4_OFFSET_HIGH	0x0197	2	0x00003657	1	DMUB probe input (src/dcn41/dcn41_dmub.c)
dmub	DMCUB_REGION4_TOP_ADDRESS	0x01a1	2	0x00003661	1	DMUB probe input (src/dcn41/dcn41_dmub.c)
dmub	DCN_VM_FB_LOCATION_BASE	0x0475	2	0x00003935	1	T3's buffer must sit inside BASE..TOP
dmub	DCN_VM_FB_LOCATION_TOP	0x0476	2	0x00003936	1	DMUB probe input (src/dcn41/dcn41_dmub.c)
dmub	DCN_VM_FB_OFFSET	0x0477	2	0x00003937	1	DMUB probe input (src/dcn41/dcn41_dmub.c)
